ACCT-NBRGL,ACCT-NBR-SUB,ACCT-NBRDA,ACCT-TITLE,BAL-CDE,PRFX-LINE-NBR,SFX-LINE-NBR,SUB-SFX-LINE-NBR,DTE-LST-RGSTR-ACCT
7000,703,446,Dry Creek Pumpkin Patch,3,81,9,7,11413
7001,6865,8197,Blue Lake Mushroom Farm,1,77,3,5,21721
7002,4557,2618,Ramaya's Horses,4,61,5,1,11518
7003,9954,1314,Los Angeles Egg Farm,2,41,1,9,51915
7004,6562,4877,Abdalah's Chickens,1,77,3,9,122915
7005,3742,226,Ross Lake Homestead,2,82,1,9,21513
7006,1035,6514,Blooming Family Vineyards,3,61,7,1,61920
7007,3588,1663,Deer Creek Homestead,1,41,2,7,112815
7008,1195,2282,Black Mountain Hills,4,82,2,5,111313
7009,3928,5931,Sparkle Pond Sunflower Farms,4,61,8,1,71820
7010,2024,2489,Serene Sunflower Farms,2,41,3,4,31014
7011,1932,9484,Blissful Herb Garden,4,61,8,5,71821
7012,1348,5260,Webb Family Goats,4,61,8,7,72318
7013,9708,3583,Turtle Pond Herb Farm,4,82,3,6,111621
7014,9262,5914,Coleman Lavender Fields,1,82,3,7,32717
7015,2655,628,Arizona Sunflower Farms,1,61,9,1,81115
7016,2,4236,Francesco's Lavender Fields,4,41,4,4,50813
7017,420,6551,Jimmy's Pumpkin Patch,1,41,4,5,92920
7018,2614,8308,Sparkle Pond Pumpkin Patch,1,41,4,6,21519
7019,2083,2844,Rustic Fields,2,41,4,3,81220
7020,4148,6812,Sunny Cow Farm,3,61,9,6,70918
7021,4058,22,Alaska Fields,4,41,4,9,120518
7022,4211,28,Kathy's Honeybees,2,41,5,6,120219
7023,7131,7439,Salt Lake Egg Farm,4,62,1,3,42614
7024,29,6536,Alaska Avocado Farm,2,82,6,5,21220
7025,4130,5364,Black Mountain Farm,2,62,1,7,60118
7026,6294,3245,Sharon's Horses,3,62,1,9,41813
7027,1051,6334,Maribel's Lavender Fields,4,41,7,2,110416
7028,803,8901,Kathy's Ranch,3,41,7,3,80922
7029,7384,9060,Maribel's Vineyards,4,41,7,7,52817
7030,3697,424,Sparkle Pond Horse Ranch,1,62,3,1,42814
7031,4609,1828,Kristen's Acres,2,62,3,2,50514
7032,4124,2715,Timmy's Acres,1,41,8,5,101415
7033,2644,216,Coleman Farm,3,62,3,4,12215
7034,481,6114,Cloudy Plum Orchard,1,21,3,9,120220
7035,6973,8797,Smucker's Vegetable Farm,1,41,8,7,122314
7036,2691,4651,Webb Family Vegetable Farm,1,21,3,8,63021
7037,7880,8870,Pringle Family Avocado Farm,3,21,4,2,92922
7038,8171,263,Alberto's Horses,3,21,4,3,42622
7039,3295,8462,Middle Creek Lavender Fields,3,21,4,4,111616
7040,3604,7958,Blissful Pumpkin Patch,1,41,9,6,51218
7041,2927,5075,Serene Squash Farm,4,82,9,2,110715
7042,4797,3423,Elm Tree Oranges,4,41,9,8,92114
7043,1601,2168,Anita's Farm,4,82,9,7,91015
7044,1962,4629,Harvest Herb Farm,4,21,5,3,71121
7045,8538,5760,Dry Creek Lavender Fields,2,62,4,9,51217
7046,8462,9460,Jasmin's Organic Farm,2,21,5,7,73013
7047,6782,1241,Albert's Country Estate,3,62,5,4,103017
7048,4764,9622,Turtle Pond Avocado Farm,4,21,6,2,72714
7049,6044,8847,Blue Lake Farm,1,21,6,4,101213
7050,4571,7756,Timmy's Vineyards,1,42,1,7,62515
7051,2229,2002,Rustic Honey Bee Farm,3,83,1,4,32817
7052,9775,8920,Serene Herb Garden,4,42,1,9,61116
7053,7522,6322,Kristen's Homestead,1,21,7,2,60318
7054,8092,2781,Nelson's Hills,1,62,6,9,10919
7055,3786,8173,Gloria's Chickens,4,42,2,2,110413
7056,5961,2953,Crater Lake Flower Garden,3,62,7,1,90519
7057,7393,2959,Breezy Goats,2,42,2,4,31713
7058,5081,9398,Los Angeles Acres,4,42,2,6,62222
7059,5059,9380,Francesco's Vineyards,1,83,2,6,72017
7060,8801,9314,Francesco's Horse Ranch,4,83,2,7,101320
7061,7492,7027,Sunset Hill Mushroom Farm,2,42,3,2,22422
7062,73,9247,Timmy's Fruit Orchard,4,83,3,4,60813
7063,7217,7079,Blue Lake Ranch,3,21,9,3,93014
7064,7824,3555,Sunny Oranges,3,61,3,5,42313
7065,2489,759,Alberto's Vegetable Farm,2,83,3,9,22020
7066,2651,6413,Alberto's Maple Syrup,4,21,9,7,100914
7067,5318,6868,Golden Goats,3,62,9,3,111119
7068,6666,3010,Sunset Hill Farm,4,83,4,9,11420
7069,4273,3758,Black Mountain Herb Farm,1,83,5,2,73121
7070,6432,5303,Nelson's Fields,2,83,5,3,120120
7071,6719,2585,Pringle Family Juicery,2,22,1,1,60514
7072,720,9127,Kristen's Plum Orchard,2,42,6,1,50122
7073,5898,1288,Sharon's Country Estate,2,22,1,4,100519
7074,9694,343,Blissful Herb Farm,4,83,6,1,102916
7075,4216,1392,Kathy's Organic Farm,1,83,6,2,100121
7076,2818,520,Jimmy's Ranch,2,22,2,5,102919
7077,363,3688,Jose's Peach Orchard,4,63,2,2,122015
7078,3880,9153,Albert's Egg Farm,3,83,7,3,91615
7079,1253,2134,Esmeralda's Pumpkin Patch,3,42,7,7,42916
7080,8120,3750,Pringle Family Sunflower Farms,4,22,3,2,71313
7081,1733,80,Elm Tree Squash Farm,4,83,7,8,110820
7082,1396,371,Black Mountain Horse Ranch,3,22,3,8,31720
7083,9921,8811,Carolina's Sunflower Farms,3,83,8,3,121815
7084,4958,8270,Arizona Egg Farm,4,83,8,7,10719
7085,4691,5069,Webb Family Avocado Farm,2,63,3,9,122316
7086,6604,7913,Mountain Meadows Honeybees,4,42,9,1,82315
7087,5080,2537,Black Mountain Cow Farm,3,22,4,6,21017
7088,2307,9953,Monarch Meadow Pumpkin Patch,4,42,9,6,70520
7089,1588,5832,Breezy Fields,4,83,9,3,72113
7090,564,7338,Alberto's Fields,4,63,4,7,121216
7091,1517,466,Blooming Family Squash Farm,2,22,5,1,52119
7092,3699,3034,Maribel's Farm,2,22,5,2,92617
7093,5618,6953,Ramaya's Honey Bee Farm,1,42,9,9,31222
7094,3595,4410,Blooming Family Acres,2,83,9,9,121417
7095,7439,3473,Maribel's Egg Farm,2,22,5,6,50715
7096,158,7875,Carolina's Cattle,1,63,5,7,71114
7097,3903,2817,Harvest Vegetable Farm,4,43,1,1,52713
7098,7100,7429,Sharon's Oranges,3,43,1,4,52113
7099,4836,4339,Cloudy Horse Ranch,2,63,6,6,83020
7100,9586,129,Harvest Goats,3,84,1,7,32021
7101,1127,5291,Delightful Creamery,1,43,2,2,72019
7102,4748,2038,Carolina's Vegetable Farm,3,84,1,9,72515
7103,3767,5481,Charlotte's Farm,4,43,2,3,51514
7104,3608,3444,Ross Lake Vineyards,3,84,2,2,50221
7105,3269,1157,Fly Creek Oranges,3,63,7,5,121614
7106,6729,5590,Esmeralda's Oranges,4,43,2,9,40414
7107,7463,8736,Radiant Homestead,3,43,3,1,53122
7108,3456,9956,Maria's Flower Garden,4,22,8,4,22315
7109,7947,8888,Happy Mushroom Farm,3,22,8,3,112416
7110,5122,9150,Kristen's Acre Farms,2,63,8,2,52421
7111,2081,2,Ross Lake Oranges,1,22,8,7,53014
7112,7449,3794,Pringle Family Acre Farms,4,43,3,5,42119
7113,5066,8069,Badger Hill Flower Garden,2,43,3,8,60216
7114,3999,1924,Badger Hill Chickens,4,63,8,8,72021
7115,228,7129,Webb Family Horses,4,43,4,2,111722
7116,6496,6888,Bankers Hill Juicery,2,43,4,3,90913
7117,5883,6868,Francesco's Egg Farm,1,22,9,5,10816
7118,4594,4762,Mountain Meadows Herb Farm,4,22,9,6,120418
7119,3966,9864,Blooming Family Pumpkin Patch,1,63,9,1,102016
7120,7663,1485,Charlotte's Plum Orchard,3,43,4,7,113017
7121,3612,7128,Tranquil Hills,1,63,9,8,80718
7122,5450,6494,Hightower Family Juicery,1,43,5,4,50818
7123,3253,5860,Black Mountain Vineyards,1,43,5,5,22515
7124,6044,5503,Virginia's Fields,1,84,5,5,33119
7125,6252,1160,Ross Lake Organic Farm,2,43,5,9,122715
7126,4481,7179,Sparkle Pond Acre Farms,2,43,6,2,21718
7127,3779,3248,Maria's Cow Farm,2,23,1,4,61519
7128,4320,149,Blissful Horse Ranch,1,64,1,5,30321
7129,5575,8308,Ross Lake Cow Farm,1,84,6,5,20321
7130,8791,2284,Green Meadow Cow Farm,2,64,1,8,91416
7131,8890,7570,Green Meadow Juicery,1,84,6,7,112013
7132,6014,686,Ross Lake Flower Garden,4,43,7,1,32014
7133,6755,4372,Alberto's Vineyards,2,43,7,6,112216
7134,7641,761,Smucker's Country Estate,2,84,7,3,52219
7135,6929,954,Arizona Farm,4,23,3,1,31613
7136,4339,8496,Salt Lake Farm,3,23,3,2,62414
7137,3467,2396,Hudson Family Fields,3,23,3,4,71720
7138,9237,2563,Elm Tree Honeybees,2,84,7,9,111117
7139,2212,7905,Albert's Acre Farms,4,23,3,6,93020
7140,696,1961,Maria's Avocado Farm,1,84,8,3,71321
7141,9077,6384,Sauer Family Acres,4,84,9,3,101116
7142,5082,1287,Maria's Chickens,3,64,4,5,10413
7143,5308,5124,Sparkle Pond Cow Farm,2,64,4,9,42016
7144,3584,8790,Breezy Pumpkin Patch,3,64,5,2,72016
7145,2449,9171,Los Angeles Goats,1,23,5,7,32419
7146,4167,4551,Arizona Cattle,4,64,5,4,70416
7147,4951,9040,Tranquil Farm,3,23,5,9,81122
7148,1312,2088,Fly Creek Hills,4,64,5,6,61718
7149,1471,4119,Jimmy's Vineyards,1,64,5,7,110818
7150,9877,6317,Timmy's Herb Farm,1,23,6,6,60918
7151,8405,3739,Salt Lake Squash Farm,2,64,6,3,82717
7152,5096,5696,Turtle Pond Peach Orchard,4,44,1,5,21621
7153,8242,7227,Sauer Family Honey Bee Farm,4,23,7,2,22216
7154,4091,2777,Kristen's Goats,1,64,6,9,50922
7155,7644,5515,Smith Peach Orchard,2,85,1,9,82621
7156,7357,3495,Coleman Pumpkin Patch,2,44,2,5,32120
7157,5498,603,Jose's Cow Farm,1,85,2,1,41117
7158,9602,5927,Fullerton Herb Farm,1,85,2,8,91716
7159,3923,9390,Green Meadow Herb Farm,1,64,8,1,22013
7160,880,4124,Monarch Meadow Hills,1,23,8,6,101013
7161,9861,5380,Deer Creek Herb Farm,4,23,8,7,42813
7162,3052,7683,Olivia's Goats,1,44,3,9,92019
7163,9435,6285,Virginia's Honeybees,3,85,3,6,82321
7164,2685,2449,Fulkerson Family Squash Farm,2,23,9,3,42113
7165,7501,5320,Middle Creek Horses,1,44,4,5,101914
7166,6558,1499,Carolina's Acre Farms,1,64,9,4,92221
7167,2985,8017,Monarch Meadow Creamery,2,85,4,3,111419
7168,3411,3330,Sunny Peach Orchard,4,85,4,2,51720
7169,9097,7511,Esmeralda's Cow Farm,3,85,4,5,82920
7170,7063,8578,Cloudy Maple Syrup,3,85,4,8,111819
7171,6413,7261,Hightower Family Cow Farm,4,24,1,7,81717
7172,873,3760,Middle Creek Avocado Farm,2,85,6,2,50521
7173,4493,6288,Sunny Honeybees,1,85,6,3,101917
7174,9453,5525,Sunset Hill Goats,2,65,1,6,61913
7175,9542,232,Dry Creek Homestead,3,65,1,9,91317
7176,47,717,Swallowtail Ponds Apples,4,65,2,1,82618
7177,8677,2605,Blue Lake Honeybees,3,85,7,3,81121
7178,7400,5404,Green Meadow Goats,4,65,2,8,40914
7179,7793,5168,Timmy's Country Estate,3,24,3,3,93022
7180,4668,6449,Nelson's Vineyards,4,85,7,9,10116
7181,8238,7124,Sauer Family Herb Garden,3,44,8,3,53118
7182,1035,5123,Elm Tree Acre Farms,3,65,3,7,82014
7183,8502,4901,Eduardo's Horses,4,24,4,1,20320
7184,9991,4707,Esmeralda's Acre Farms,1,65,3,9,32313
7185,4448,6288,Blooming Family Juicery,4,85,8,8,73116
7186,6803,4751,Monarch Meadow Ranch,4,65,4,1,91620
7187,8876,9226,Carolina's Avocado Farm,1,24,4,6,40714
7188,9957,6615,Aisha's Creamery,4,44,9,4,92622
7189,4283,9313,Deer Creek Fields,1,65,4,4,101016
7190,5200,771,Harvest Creamery,1,24,4,2,92715
7191,84,2742,Tranquil Plum Orchard,4,85,9,5,102318
7192,8697,2351,Mountain Horses,1,85,9,7,80418
7193,93,8087,Swallowtail Ponds Homestead,2,24,5,4,40115
7194,257,8432,Albert's Vegetable Farm,3,24,5,8,53019
7195,2495,740,Smith Goats,1,24,6,2,123016
7196,3838,3232,Green Meadow Homestead,4,24,6,4,112914
7197,4757,8841,Hudson Family Pumpkin Patch,1,24,6,5,22021
7198,4342,1149,Green Meadow Lavender Fields,4,86,1,1,60616
7199,3291,6525,Mountain Meadows Cattle,4,45,1,6,52015
7200,1168,7322,Monarch Meadow Farm,1,86,1,2,11522
7201,422,4189,Happy Pumpkin Patch,4,65,6,6,71517
7202,6065,5597,Hightower Family Avocado Farm,1,65,6,7,91014
7203,3935,643,Charlotte's Mushroom Farm,3,24,7,2,30116
7204,9015,6316,Pringle Family Peach Orchard,3,86,1,7,90521
7205,494,6292,Mountain Horse Ranch,3,45,1,7,50216
7206,3597,7307,Carolina's Flower Garden,2,24,7,6,92815
7207,4752,1785,Cloudy Apples,1,86,2,5,122714
7208,7975,9879,Maribel's Horse Ranch,4,86,2,6,32015
7209,50,8801,Eduardo's Vineyards,4,65,7,8,72620
7210,7068,1466,Kristen's Farm,2,24,8,4,101214
7211,2096,8520,Ross Lake Fruit Orchard,4,65,8,3,71714
7212,7021,7860,Francesco's Squash Farm,3,24,8,7,60419
7213,5016,9908,Arizona Maple Syrup,4,45,4,1,62322
7214,783,754,Harvest Squash Farm,3,45,4,2,82118
7215,3258,5855,Sauer Family Organic Farm,2,86,4,3,120322
7216,5127,9379,Kathy's Hills,4,45,4,8,52621
7217,9862,913,Ramaya's Country Estate,2,65,9,6,10213
7218,1436,466,Breezy Juicery,1,24,9,9,100118
7219,3048,2096,Mountain Hills,3,86,4,7,31314
7220,6857,283,Jasmin's Vineyards,3,65,9,5,70317
7221,8569,1321,Jose's Juicery,3,65,9,7,50116
7222,7317,6335,Virginia's Apples,3,45,5,7,11316
7223,8762,1636,Albert's Sunflower Farms,1,45,5,8,121016
7224,5881,3099,Monarch Meadow Goats,3,25,1,1,41120
7225,5177,340,Timmy's Apples,4,25,1,2,90422
7226,9697,7403,Ramaya's Organic Farm,2,25,1,4,11320
7227,3248,8807,Anita's Egg Farm,2,45,6,3,70618
7228,7002,4453,Hightower Family Fruit Orchard,1,86,5,8,101017
7229,8374,1324,Green Meadow Plum Orchard,2,86,6,5,72121
7230,402,2208,Black Mountain Organic Farm,1,66,1,7,110116
7231,4644,5706,Blissful Goats,1,86,6,7,21120
7232,1703,542,Sunset Hill Fields,1,86,6,6,31821
7233,8507,6113,Timmy's Juicery,1,86,6,9,90713
7234,7300,8760,Swallowtail Ponds Acre Farms,3,45,7,3,50214
7235,2483,1895,Gloria's Apples,2,66,2,4,123115
7236,296,1721,Blooming Family Cattle,1,66,2,5,31620
7237,1365,2668,Jose's Pumpkin Patch,4,45,7,8,102915
7238,1900,3637,Serene Creamery,2,86,7,5,70319
7239,9580,6617,Fullerton Ranch,4,25,3,3,50217
7240,2575,456,Gloria's Ranch,1,25,3,4,91516
7241,3311,6461,Blooming Family Sunflower Farms,4,66,2,9,52514
7242,9289,6941,Delightful Horses,1,66,3,5,42518
7243,6465,3912,Francesco's Mushroom Farm,3,25,4,2,100716
7244,2748,2745,Nelson's Acres,2,86,8,7,81619
7245,5591,3111,Golden Vineyards,2,25,4,4,102613
7246,4954,9566,Timmy's Cattle,4,25,4,3,51119
7247,7817,9803,Maricel's Plum Orchard,1,45,9,5,71016
7248,1755,7488,Charlotte's Goats,2,45,9,9,72418
7249,5309,2236,Kathy's Avocado Farm,2,86,9,9,50622
7250,748,5578,Virginia's Homestead,4,66,5,7,82818
7251,9855,1478,Francesco's Acre Farms,2,25,6,1,71322
7252,6889,4332,Charlotte's Avocado Farm,1,46,1,1,51815
7253,6713,3160,Dry Creek Country Estate,2,66,6,1,11221
7254,2732,7586,Fly Creek Pumpkin Patch,3,25,6,6,32122
7255,2726,6660,Salt Lake Hills,4,66,6,4,30819
7256,1351,8653,Alaska Vineyards,4,46,1,9,60917
7257,8690,7714,Coleman Avocado Farm,1,66,6,8,12015
7258,4970,5082,Pringle Family Organic Farm,2,87,1,7,31214
7259,2160,673,Fullerton Maple Syrup,4,66,7,2,90717
7260,2347,3480,Deer Creek Maple Syrup,4,87,2,3,22316
7261,8187,6092,Eduardo's Herb Farm,1,66,7,6,112422
7262,9098,6336,Fly Creek Lavender Fields,1,25,8,1,122914
7263,2163,6296,Crater Lake Hills,3,46,2,8,72114
7264,1903,9719,Alberto's Pumpkin Patch,2,46,3,2,41014
7265,2069,4270,Serene Mushroom Farm,2,87,3,1,12221
7266,3347,4712,Maricel's Juicery,4,46,3,5,102321
7267,124,4182,Charlotte's Fruit Orchard,2,87,3,3,30913
7268,2222,2504,Jasmin's Homestead,3,25,9,2,41815
7269,3713,3567,Alaska Mushroom Farm,1,25,9,3,123116
7270,6916,3971,Mountain Meadows Honey Bee Farm,2,66,8,9,31514
7271,1419,1970,Sunset Hill Sunflower Farms,4,46,4,1,120913
7272,6253,4740,Salt Lake Horses,3,66,9,3,81119
7273,8744,3478,Albert's Honey Bee Farm,1,66,9,5,92519
7274,8084,6093,Pringle Family Honeybees,2,66,9,6,22616
7275,8572,4664,Maricel's Acres,2,46,5,3,112721
7276,3204,2188,Salt Lake Mushroom Farm,2,87,5,4,92915
7277,9391,1017,Badger Hill Plum Orchard,2,87,5,5,91013
7278,8234,2118,Elm Tree Peach Orchard,1,26,1,4,31421
7279,8035,3341,Crater Lake Honey Bee Farm,1,67,1,1,100821
7280,4276,3942,Green Meadow Organic Farm,1,26,1,8,81020
7281,9089,3291,Fullerton Cow Farm,1,87,6,2,51917
7282,177,7548,Bankers Hill Mushroom Farm,2,26,1,9,101117
7283,5476,8165,Webb Family Honeybees,4,87,6,5,112819
7284,2534,7821,Olivia's Cattle,4,26,2,2,100915
7285,1771,1965,Rustic Hills,3,46,7,4,91618
7286,5906,6518,Ramaya's Cow Farm,1,46,7,5,82515
7287,4991,817,Anita's Maple Syrup,3,67,2,5,50321
7288,9629,1912,Nelson's Juicery,1,46,7,8,120414
7289,6386,6562,Radiant Egg Farm,4,46,7,7,91815
7290,6994,511,Middle Creek Sunflower Farms,2,87,7,7,91314
7291,1638,2921,Jimmy's Creamery,3,26,3,6,91215
7292,4744,3701,Hightower Family Farm,2,26,3,8,62218
7293,2940,1017,Crater Lake Herb Farm,1,87,8,6,52916
7294,9038,8126,Kristen's Squash Farm,2,87,8,8,72616
7295,5289,9949,Arizona Horses,4,46,9,4,10113
7296,9785,358,Jimmy's Honeybees,4,26,5,1,120320
7297,8491,6974,Delightful Herb Garden,3,67,4,8,110521
7298,580,255,Middle Creek Squash Farm,4,87,9,5,21121
7299,966,5965,Fulkerson Family Chickens,4,26,5,7,100122
7300,7979,119,Hudson Family Hills,2,67,5,5,53013
7301,1391,8233,Gloria's Farm,1,67,5,8,70922
7302,3975,6603,Carolina's Fruit Orchard,4,67,6,4,51715
7303,9189,816,Timmy's Organic Farm,2,47,1,6,70420
7304,7559,8668,Radiant Goats,4,67,6,5,62714
7305,2233,2544,Cloudy Herb Farm,2,26,6,8,92420
7306,7891,6201,Deer Creek Flower Garden,1,88,1,7,111522
7307,3190,3781,Middle Creek Mushroom Farm,1,26,7,4,20114
7308,2160,6550,Kristen's Juicery,4,47,2,3,12621
7309,8941,6944,Abdalah's Herb Garden,1,26,7,5,61522
7310,9340,6499,Maricel's Egg Farm,1,26,7,3,81915
7311,7104,6371,Mountain Meadows Organic Farm,3,88,2,2,120115
7312,6057,9177,Maricel's Farm,2,67,7,4,100315
7313,3118,9389,Green Meadow Squash Farm,3,26,8,2,121117
7314,6194,7471,Maribel's Vegetable Farm,3,47,3,4,102120
7315,2944,7971,Aisha's Honeybees,2,26,8,8,92618
7316,5970,2635,Bankers Hill Peach Orchard,4,88,3,4,110513
7317,6018,2383,Serene Horses,2,88,3,5,121518
7318,4333,1189,Fly Creek Acre Farms,3,88,3,6,81814
7319,6962,5589,Kathy's Pumpkin Patch,2,26,9,5,102416
7320,5318,6033,Eduardo's Farm,3,67,9,2,61416
7321,4923,124,Sunset Hill Hills,1,88,4,2,60720
7322,9313,3971,Jimmy's Maple Syrup,1,88,4,3,91921
7323,5049,5435,Timmy's Plum Orchard,1,67,9,7,30114
7324,4739,7705,Salt Lake Pumpkin Patch,4,67,9,9,51413
7325,8992,1724,Aisha's Acre Farms,3,88,4,9,82521
7326,2847,9093,Fullerton Vineyards,2,68,1,1,70119
7327,9923,6243,Sunny Mushroom Farm,4,27,1,6,70617
7328,978,3522,Black Mountain Chickens,2,88,6,2,102917
7329,8905,2402,Cloudy Juicery,4,68,1,4,82318
7330,194,1619,Los Angeles Cow Farm,2,68,1,6,120718
7331,5014,6772,Aisha's Honey Bee Farm,4,27,2,2,81918
7332,9021,6765,Fullerton Mushroom Farm,4,47,7,1,42615
7333,2452,336,Bankers Hill Sunflower Farms,2,88,6,8,30918
7334,7969,5609,Maribel's Ranch,3,68,2,2,11620
7335,7896,3,Hudson Family Acres,1,47,7,5,101819
7336,6207,5680,Maricel's Squash Farm,3,68,2,4,22519
7337,3728,9348,Kathy's Farm,4,88,7,2,72118
7338,4393,9431,Fulkerson Family Avocado Farm,1,47,7,8,102514
7339,9406,4734,Elm Tree Fruit Orchard,1,47,7,7,60117
7340,8454,6632,Aisha's Lavender Fields,2,88,7,7,110118
7341,8732,8209,Blissful Cow Farm,3,47,8,6,70517
7342,380,9499,Maria's Mushroom Farm,3,88,8,2,81016
7343,761,2273,Elm Tree Lavender Fields,3,47,8,7,31413
7344,7450,2279,Blissful Organic Farm,1,27,4,1,21318
7345,3740,2297,Sparkle Pond Peach Orchard,3,88,8,6,113022
7346,6491,622,Abdalah's Herb Farm,3,88,8,5,100416
7347,1119,2289,Deer Creek Honeybees,1,68,3,5,20913
7348,3552,4205,Fullerton Honeybees,3,47,9,3,52221
7349,6631,4283,Crater Lake Juicery,3,27,4,6,11318
7350,6294,8373,Ramaya's Fields,2,27,4,9,121321
7351,9631,4410,Badger Hill Farm,3,88,9,9,80417
7352,7795,7956,Olivia's Fields,3,48,1,2,80721
7353,500,6427,Jasmin's Cow Farm,2,68,6,1,111214
7354,5377,4208,Hudson Family Juicery,1,48,1,4,61513
7355,8082,7223,Bankers Hill Plum Orchard,3,89,1,1,51013
7356,1837,1906,Hudson Family Vineyards,2,89,1,2,42914
7357,723,7954,Swallowtail Ponds Farm,2,68,6,5,110217
7358,5035,9138,Blooming Family Apples,1,89,1,5,121821
7359,8341,820,Turtle Pond Plum Orchard,2,89,1,8,32713
7360,5488,7621,Black Mountain Honeybees,3,48,2,2,10417
7361,2133,9362,Monarch Meadow Herb Garden,3,27,7,6,12213
7362,7442,5843,Maria's Herb Farm,2,68,7,5,22115
7363,883,7551,Blooming Family Acre Farms,2,89,2,7,40615
7364,1323,1865,Gloria's Horses,1,48,3,2,21920
7365,9697,4660,Dry Creek Goats,2,89,2,9,61819
7366,3517,4125,Crater Lake Mushroom Farm,3,68,8,2,120921
7367,6975,503,Jasmin's Flower Garden,4,27,8,3,110822
7368,3064,7194,Olivia's Acre Farms,4,48,3,8,61413
7369,4552,2880,Happy Peach Orchard,1,27,9,2,110813
7370,8832,7846,Fly Creek Plum Orchard,4,48,4,1,100622
7371,8372,8853,Gloria's Plum Orchard,2,27,9,4,72119
7372,2256,7891,Los Angeles Avocado Farm,2,48,4,3,11515
7373,554,5593,Elm Tree Farm,1,68,8,8,43020
7374,9016,1366,Alberto's Plum Orchard,3,68,9,5,20915
7375,2053,4387,Crater Lake Fields,1,89,4,4,111918
7376,8365,9180,Fulkerson Family Peach Orchard,1,48,4,7,72922
7377,4009,5288,Sunset Hill Honeybees,3,68,9,9,50817
7378,2096,7657,Gloria's Country Estate,2,89,5,1,82821
7379,9218,457,Gloria's Oranges,1,89,5,2,52116
7380,2140,6601,Tranquil Honey Bee Farm,3,28,1,3,51321
7381,5825,9040,Tranquil Egg Farm,1,69,1,1,100522
7382,5175,6838,Happy Creamery,4,89,5,9,11314
7383,2861,6548,Happy Goats,4,48,6,4,102718
7384,2766,2823,Fulkerson Family Plum Orchard,1,28,1,8,33122
7385,569,6703,Salt Lake Flower Garden,3,89,6,3,43016
7386,5037,6487,Mountain Lavender Fields,4,89,6,7,122219
7387,369,2428,Butterfly Creek Herb Farm,3,28,2,3,102521
7388,7718,5398,Maribel's Fruit Orchard,1,69,2,2,40817
7389,5396,2067,Smith Plum Orchard,2,48,7,5,82713
7390,7722,394,Jimmy's Peach Orchard,3,28,2,8,62313
7391,2160,3343,Kristen's Apples,4,48,7,6,22116
7392,90,2034,Los Angeles Ranch,2,89,7,4,60618
7393,15,6129,Harvest Flower Garden,2,69,3,3,100316
7394,2861,9025,Los Angeles Chickens,1,89,8,1,51716
7395,8696,4366,Smucker's Ranch,1,89,8,4,91919
7396,1607,3539,Dry Creek Fields,3,48,8,9,100220
7397,2524,6671,Maribel's Peach Orchard,4,89,8,5,21322
7398,7291,4526,Alberto's Fruit Orchard,2,28,4,3,30620
7399,9811,8279,Webb Family Herb Garden,2,48,9,3,71220
7400,2552,9321,Sauer Family Fruit Orchard,3,89,9,2,71221
7401,8072,7984,Turtle Pond Squash Farm,1,69,4,9,53021
7402,9574,118,Albert's Vineyards,4,49,1,1,62615
7403,8112,8297,Alaska Honeybees,4,69,5,9,80819
7404,6516,7683,Golden Lavender Fields,2,49,1,6,121921
7405,7911,9964,Breezy Horse Ranch,4,28,6,9,70421
7406,2192,4843,Middle Creek Honeybees,3,49,1,8,30619
7407,5520,914,Radiant Herb Garden,4,69,6,7,91115
7408,2832,1541,Charlotte's Horses,3,69,7,1,122018
7409,8127,4703,Sparkle Pond Honey Bee Farm,2,28,7,5,92216
7410,9227,8352,Middle Creek Vineyards,1,49,2,5,93013
7411,7910,4878,Elm Tree Cow Farm,1,28,7,8,81520
7412,9863,4934,Middle Creek Flower Garden,1,28,7,9,31013
7413,3198,3926,Kathy's Herb Garden,1,28,8,3,110214
7414,9808,595,Elm Tree Herb Farm,3,28,8,6,50819
7415,7581,9015,Nelson's Vegetable Farm,1,28,8,8,111115
7416,8190,2946,Maria's Farm,1,69,8,5,62920
7417,5140,2029,Coleman Vegetable Farm,4,28,9,5,110117
7418,5047,2105,Sauer Family Hills,1,69,9,1,50517
7419,3906,7691,Ross Lake Farm,1,49,5,5,32215
7420,4207,2825,Sunny Lavender Fields,2,29,1,2,122616
7421,4390,3549,Rustic Honeybees,4,29,1,3,73115
7422,1425,7274,Sunset Hill Plum Orchard,4,49,6,2,123014
7423,5623,1068,Swallowtail Ponds Hills,1,29,1,5,123119
7424,3591,8512,Sauer Family Egg Farm,3,29,1,7,41415
7425,5044,7771,Badger Hill Fruit Orchard,2,29,2,3,12419
7426,4416,3248,Francesco's Horses,4,49,7,5,61213
7427,6383,4697,Jimmy's Cattle,4,49,7,7,101218
7428,8831,7472,Sharon's Herb Farm,1,29,3,6,111321
7429,8720,4307,Crater Lake Homestead,2,49,8,8,90513
7430,2554,8245,Aisha's Vegetable Farm,1,29,4,7,90814
7431,2003,1276,Mountain Meadows Juicery,2,29,4,8,82216
7432,3265,5217,Blissful Honeybees,1,49,9,6,53117
7433,2242,4708,Nelson's Acre Farms,2,49,9,9,82422
7434,6495,7463,Maricel's Avocado Farm,1,29,5,8,11818
7435,4085,484,Hightower Family Creamery,4,29,5,9,21319
7436,6085,3133,Pringle Family Vegetable Farm,2,29,6,4,40819
7437,4544,9595,Albert's Oranges,3,29,6,5,92713
7438,2491,2923,Bankers Hill Squash Farm,2,29,6,6,31218
7439,9213,5142,Olivia's Juicery,3,29,6,7,82120
7440,6688,360,Green Meadow Creamery,2,91,1,6,52819
7441,4598,4641,Maribel's Cow Farm,4,29,7,3,120820
7442,6759,732,Breezy Squash Farm,4,91,2,3,31714
7443,8072,382,Cloudy Sunflower Farms,4,91,2,4,21113
7444,2981,1531,Turtle Pond Fruit Orchard,1,91,2,6,110622
7445,2568,8791,Serene Organic Farm,1,29,8,3,80116
7446,8931,4763,Kristen's Lavender Fields,4,91,3,1,70920
7447,795,4445,Bankers Hill Vegetable Farm,2,29,8,7,80522
7448,9418,1368,Los Angeles Farm,3,29,8,9,42114
7449,4706,2344,Elm Tree Goats,2,91,3,4,51222
7450,2453,4670,Golden Homestead,1,91,3,6,22222
7451,8292,9177,Tranquil Horses,1,91,3,7,11715
7452,8169,4472,Anita's Goats,1,29,9,4,80617
7453,2706,4944,Maricel's Flower Garden,1,91,5,2,90618
7454,6620,3134,Blue Lake Cow Farm,3,91,5,3,52318
7455,4684,3478,Hightower Family Acres,2,91,5,5,42221
7456,4248,6246,Pringle Family Herb Garden,2,91,6,3,110821
7457,5711,3879,Turtle Pond Fields,2,91,6,4,121514
7458,9277,4664,Green Meadow Ranch,1,71,1,7,21813
7459,1181,4228,Sharon's Organic Farm,2,71,2,5,81720
7460,1400,5420,Fly Creek Farm,3,71,2,9,50318
7461,6394,7805,Bankers Hill Fruit Orchard,1,91,7,8,73122
7462,5544,6244,Sauer Family Mushroom Farm,2,71,3,1,81818
7463,7450,1804,Timmy's Mushroom Farm,2,91,7,9,121213
7464,7824,4675,Jose's Squash Farm,3,91,8,5,111413
7465,8690,8527,Olivia's Pumpkin Patch,1,71,4,1,112214
7466,5544,5790,Blooming Family Lavender Fields,4,71,4,2,61919
7467,8993,6526,Elm Tree Country Estate,4,91,9,2,100113
7468,792,5978,Tranquil Mushroom Farm,1,91,9,3,60113
7469,6130,6181,Maricel's Organic Farm,4,71,5,1,62518
7470,8300,3584,Alaska Apples,3,71,5,7,71213
7471,4224,8750,Abdalah's Vegetable Farm,3,51,1,9,11516
7472,9162,3454,Abdalah's Homestead,4,92,1,7,12114
7473,8456,3345,Delightful Juicery,4,92,1,8,81316
7474,5600,6185,Cloudy Mushroom Farm,2,51,2,2,63013
7475,436,547,Jimmy's Plum Orchard,4,71,7,4,102616
7476,9455,1929,Fullerton Lavender Fields,4,92,2,5,30314
7477,6290,1047,Fulkerson Family Sunflower Farms,3,92,2,6,42818
7478,7300,3563,Cloudy Fruit Orchard,4,71,8,3,102419
7479,3422,1294,Swallowtail Ponds Acres,1,92,3,2,52018
7480,5503,6329,Olivia's Lavender Fields,2,71,8,5,22117
7481,728,3221,Smucker's Juicery,3,71,8,8,41420
7482,6029,6205,Sunset Hill Horse Ranch,3,71,9,1,31213
7483,6679,6936,Fulkerson Family Vegetable Farm,3,71,9,2,40117
7484,9726,3237,Timmy's Sunflower Farms,2,92,4,9,12615
7485,3484,495,Jose's Organic Farm,3,31,1,5,61515
7486,6523,228,Jose's Egg Farm,1,51,6,8,100913
7487,802,1445,Rustic Maple Syrup,3,92,6,4,80118
7488,5550,4150,Kathy's Apples,3,31,2,3,110916
7489,4543,9743,Sparkle Pond Lavender Fields,3,92,6,8,112421
7490,6382,7099,Bankers Hill Hills,1,51,7,3,10917
7491,1881,7330,Maria's Vineyards,3,72,2,3,12017
7492,2576,9965,Olivia's Country Estate,2,72,2,4,111821
7493,2358,5347,Butterfly Creek Horses,3,31,2,9,40718
7494,9943,6203,Happy Country Estate,4,92,7,5,10218
7495,3407,3914,Smith Vineyards,4,31,3,2,121413
7496,8860,6892,Los Angeles Mushroom Farm,4,92,7,9,120613
7497,1892,6038,Sunny Creamery,1,31,4,2,41517
7498,1620,3423,Fulkerson Family Horse Ranch,4,51,9,3,121618
7499,1494,1074,Smith Chickens,1,51,9,4,31522
7500,1128,9642,Turtle Pond Homestead,1,51,9,5,70220
7501,4730,6126,Elm Tree Plum Orchard,3,92,8,9,121822
7502,6100,3876,Blue Lake Maple Syrup,1,72,4,5,61720
7503,5778,171,Blissful Homestead,3,72,4,7,120817
7504,7233,9680,Jasmin's Herb Farm,1,92,9,6,82221
7505,7321,2772,Happy Oranges,3,92,9,8,102317
7506,994,4499,Gloria's Egg Farm,2,31,6,1,41714
7507,3143,9164,Olivia's Farm,4,11,1,4,70813
7508,8885,2443,Maribel's Plum Orchard,1,52,1,3,110719
7509,9044,7256,Happy Apples,1,52,1,4,41818
7510,8751,7276,Turtle Pond Chickens,2,72,6,3,71422
7511,1456,3186,Tranquil Organic Farm,2,31,6,8,11814
7512,1646,8603,Badger Hill Herb Farm,3,11,2,2,21522
7513,6750,4781,Deer Creek Vineyards,1,31,7,1,10314
7514,2627,5122,Gloria's Hills,3,72,6,7,121915
7515,1120,9812,Virginia's Cow Farm,3,72,6,9,40619
7516,58,5504,Fly Creek Flower Garden,4,11,2,6,121217
7517,6283,5102,Gloria's Acres,2,11,2,7,42216
7518,396,5048,Virginia's Organic Farm,2,93,1,7,43021
7519,2925,3415,Crater Lake Vineyards,2,11,2,9,100215
7520,8897,5103,Turtle Pond Lavender Fields,4,72,7,7,42617
7521,648,2797,Coleman Flower Garden,2,11,3,4,51520
7522,3383,6075,Turtle Pond Cattle,3,11,3,5,50315
7523,3208,7816,Jose's Herb Farm,1,93,3,1,93019
7524,6432,8557,Green Meadow Chickens,4,72,8,4,61315
7525,8345,6271,Ramaya's Fruit Orchard,2,93,3,3,122419
7526,651,7917,Black Mountain Plum Orchard,2,72,8,6,120413
7527,4821,1162,Harvest Sunflower Farms,4,52,3,9,11120
7528,8812,8689,Sparkle Pond Juicery,3,11,4,4,103119
7529,3864,425,Gloria's Squash Farm,2,93,3,8,31313
7530,9871,4331,Smith Horses,3,93,3,9,21918
7531,916,2649,Crater Lake Ranch,4,11,4,8,12516
7532,4358,4491,Abdalah's Squash Farm,1,72,9,4,20421
7533,9902,4864,Badger Hill Honeybees,2,11,5,1,21717
7534,6976,2492,Badger Hill Squash Farm,2,93,4,4,81722
7535,2869,9478,Dry Creek Herb Garden,2,52,4,8,10514
7536,4925,513,Blooming Family Honeybees,2,11,5,4,90516
7537,9894,1911,Golden Horse Ranch,1,93,4,7,10722
7538,4075,6428,Monarch Meadow Juicery,1,11,5,6,111220
7539,8409,2159,Maria's Pumpkin Patch,1,93,4,6,32614
7540,7532,6157,Abdalah's Horse Ranch,3,11,5,8,20521
7541,3818,6352,Charlotte's Sunflower Farms,2,52,5,5,111814
7542,459,5930,Ramaya's Homestead,3,52,4,7,10321
7543,1334,6098,Radiant Vegetable Farm,1,52,6,1,21818
7544,3564,9004,Fullerton Farm,1,32,1,4,102617
7545,2527,7028,Turtle Pond Creamery,2,73,1,4,102019
7546,5290,6810,Harvest Acres,2,52,7,1,70819
7547,8298,5114,Sunny Farm,4,73,2,1,40121
7548,6599,6577,Elm Tree Mushroom Farm,3,73,2,3,101719
7549,582,5986,Black Mountain Apples,4,11,8,1,31417
7550,290,956,Nelson's Horses,2,52,7,8,102117
7551,2214,5947,Kathy's Flower Garden,3,11,8,8,30822
7552,5781,4056,Arizona Mushroom Farm,1,32,3,8,33114
7553,7361,6804,Cloudy Horses,1,93,8,5,82616
7554,6478,4342,Sparkle Pond Egg Farm,3,11,9,6,72519
7555,7426,3934,Hightower Family Fields,1,73,4,1,21217
7556,270,3356,Carolina's Juicery,1,32,4,7,11418
7557,1102,9401,Jimmy's Herb Farm,2,52,9,5,82122
7558,9473,479,Anita's Mushroom Farm,3,93,9,2,52614
7559,6200,3647,Carolina's Oranges,1,73,4,3,90818
7560,5288,2009,Nelson's Lavender Fields,1,93,9,6,122822
7561,6143,5531,Jose's Chickens,1,93,9,9,122114
7562,2042,8474,Sharon's Mushroom Farm,2,53,1,2,52413
7563,9210,405,Jasmin's Avocado Farm,4,12,1,6,81221
7564,2210,6739,Tranquil Herb Garden,4,32,6,6,21615
7565,9,6440,Swallowtail Ponds Squash Farm,3,94,1,1,101516
7566,9802,7878,Golden Egg Farm,1,73,6,2,21416
7567,6036,5816,Alaska Cattle,2,73,6,1,91116
7568,8676,8108,Francesco's Farm,4,73,6,8,42215
7569,266,3981,Fulkerson Family Herb Garden,3,12,2,5,111316
7570,5083,3382,Nelson's Fruit Orchard,3,32,7,4,62815
7571,7468,6252,Delightful Hills,1,53,2,4,43015
7572,507,9185,Black Mountain Honey Bee Farm,4,32,7,9,32213
7573,6959,8197,Breezy Fruit Orchard,3,53,2,8,32513
7574,7254,3975,Jimmy's Mushroom Farm,3,12,3,3,71018
7575,7690,7831,Coleman Mushroom Farm,3,12,3,1,60517
7576,6851,4852,Nelson's Oranges,3,12,3,2,60522
7577,3672,4110,Fly Creek Mushroom Farm,3,94,2,8,61020
7578,3034,4466,Los Angeles Sunflower Farms,1,53,3,3,81215
7579,2511,496,Fly Creek Cow Farm,3,32,8,8,82314
7580,7633,7641,Esmeralda's Honeybees,4,73,8,5,51920
7581,4407,1558,Smucker's Farm,3,94,3,4,91814
7582,7749,7395,Hightower Family Hills,4,73,8,8,60418
7583,5867,6590,Sunny Organic Farm,1,73,9,1,80713
7584,3510,511,Anita's Herb Garden,3,53,4,3,71519
7585,7977,6507,Tranquil Ranch,1,73,9,5,122022
7586,2936,1750,Deer Creek Mushroom Farm,3,94,4,5,92817
7587,1463,5253,Bankers Hill Goats,3,12,5,4,102615
7588,5928,1769,Alberto's Sunflower Farms,1,53,5,3,11016
7589,5309,3558,Radiant Fruit Orchard,1,12,5,9,50522
7590,7167,1828,Mountain Vineyards,4,94,5,2,122214
7591,9546,8868,Maribel's Goats,3,94,5,4,72618
7592,826,5030,Fly Creek Peach Orchard,2,53,5,9,42115
7593,7737,7305,Delightful Fruit Orchard,4,94,5,5,91619
7594,8227,2273,Virginia's Acres,1,94,5,8,33115
7595,9236,9428,Anita's Honey Bee Farm,1,94,6,2,42120
7596,3061,6184,Blissful Creamery,1,33,1,8,22916
7597,7937,1937,Tranquil Honeybees,3,12,7,4,100414
7598,1176,4686,Jimmy's Egg Farm,4,33,2,4,22018
7599,828,9619,Esmeralda's Hills,3,94,6,9,110716
7600,2160,6841,Rustic Sunflower Farms,3,33,2,6,72816
7601,8487,9395,Dry Creek Creamery,1,74,2,3,72615
7602,8277,5224,Olivia's Hills,3,12,7,9,90615
7603,2447,2795,Deer Creek Fruit Orchard,4,74,2,4,41720
7604,3047,50,Carolina's Pumpkin Patch,1,94,7,4,30516
7605,8083,4123,Ramaya's Maple Syrup,3,53,7,9,61617
7606,3612,8332,Breezy Mushroom Farm,1,94,7,6,102115
7607,9468,6939,Jasmin's Peach Orchard,2,33,2,7,50713
7608,1938,6190,Deer Creek Farm,1,33,3,4,53115
7609,9050,6169,Mountain Pumpkin Patch,2,33,3,5,82417
7610,9595,2066,Webb Family Plum Orchard,1,74,3,1,80919
7611,5081,1979,Kristen's Mushroom Farm,1,33,3,7,110417
7612,740,5846,Blooming Family Horse Ranch,1,12,8,7,100218
7613,778,4462,Badger Hill Herb Garden,4,33,3,1,113015
7614,2544,7981,Smith Lavender Fields,1,12,8,9,10322
7615,4164,5531,Aisha's Vineyards,2,33,4,1,70916
7616,5141,5434,Mountain Meadows Hills,1,12,9,4,41313
7617,2340,9797,Crater Lake Acre Farms,2,33,4,4,11313
7618,3692,2330,Virginia's Plum Orchard,4,74,4,1,22019
7619,4344,5063,Alberto's Avocado Farm,1,74,4,3,121015
7620,2339,6286,Swallowtail Ponds Goats,4,53,9,7,92522
7621,2532,8928,Albert's Plum Orchard,2,94,9,4,32521
7622,8013,3813,Mountain Meadows Acres,3,74,4,7,52821
7623,7409,8435,Virginia's Egg Farm,3,94,9,7,72218
7624,5527,5760,Abdalah's Goats,4,74,5,4,10820
7625,1227,1360,Rustic Acres,2,54,1,1,91119
7626,1970,2207,Green Meadow Acre Farms,1,33,6,3,40222
7627,7000,3253,Serene Cattle,1,33,6,4,121622
7628,7846,423,Bankers Hill Herb Garden,1,54,1,4,110420
7629,789,4698,Deer Creek Plum Orchard,4,74,5,9,71915
7630,8215,8241,Bankers Hill Egg Farm,3,74,6,1,111815
7631,8000,879,Jasmin's Horse Ranch,2,74,6,5,72814
7632,2837,6864,Hightower Family Egg Farm,1,74,6,6,122920
7633,9538,4743,Dry Creek Flower Garden,4,95,1,5,40114
7634,3976,9186,Jose's Farm,2,74,7,3,41820
7635,4348,6688,Carolina's Apples,3,95,2,7,11720
7636,6774,8914,Abdalah's Country Estate,2,13,3,7,110520
7637,5522,1979,Maria's Creamery,4,74,8,2,51116
7638,6667,2464,Swallowtail Ponds Vineyards,1,54,3,5,80722
7639,4123,9021,Alberto's Goats,1,33,8,7,70218
7640,285,3631,Smucker's Sunflower Farms,2,74,8,6,31622
7641,9765,8221,Cloudy Egg Farm,2,13,4,6,11820
7642,1439,7329,Breezy Chickens,3,54,4,3,91122
7643,1071,7889,Kristen's Horse Ranch,3,95,3,9,103121
7644,7796,2900,Delightful Country Estate,1,95,4,1,81914
7645,3295,5883,Sunset Hill Cow Farm,4,95,4,2,80219
7646,4337,1177,Turtle Pond Maple Syrup,1,33,9,9,112121
7647,5956,7065,Butterfly Creek Lavender Fields,3,95,4,3,92917
7648,466,8797,Abdalah's Horses,1,95,4,5,120521
7649,5034,1511,Jasmin's Apples,3,54,5,1,51114
7650,807,3472,Jose's Ranch,4,13,5,5,52515
7651,6721,3906,Francesco's Creamery,1,13,5,7,121717
7652,5548,198,Sauer Family Farm,2,34,1,1,92015
7653,922,7493,Coleman Cattle,2,13,6,4,113020
7654,1828,8217,Carolina's Creamery,1,34,1,6,102816
7655,7508,389,Sauer Family Country Estate,3,54,6,6,72213
7656,9346,7892,Aisha's Squash Farm,3,13,7,2,33016
7657,801,2552,Sparkle Pond Squash Farm,1,95,6,5,41422
7658,1539,99,Maribel's Herb Garden,2,95,6,9,110920
7659,5940,8630,Mountain Mushroom Farm,3,34,2,6,50420
7660,8821,717,Alberto's Creamery,1,95,7,1,72518
7661,5729,7801,Salt Lake Lavender Fields,3,95,7,2,30717
7662,4456,6611,Swallowtail Ponds Peach Orchard,2,95,7,3,32819
7663,1720,3912,Alaska Ranch,1,95,7,4,111213
7664,1000,8265,Ramaya's Acre Farms,1,95,7,7,111416
7665,7356,9018,Esmeralda's Mushroom Farm,3,54,8,2,61817
7666,6774,6723,Los Angeles Fruit Orchard,4,54,8,1,102619
7667,3927,3724,Elm Tree Ranch,4,75,3,2,70716
7668,1349,5831,Salt Lake Honeybees,1,34,3,5,21417
7669,6669,1461,Tranquil Country Estate,4,34,3,4,60622
7670,3757,2696,Virginia's Creamery,1,34,3,9,51516
7671,5173,4190,Monarch Meadow Honeybees,4,75,2,9,121818
7672,1604,4196,Harvest Organic Farm,1,75,3,7,32815
7673,6166,4615,Turtle Pond Goats,3,34,4,2,123114
7674,9917,2592,Abdalah's Farm,4,54,9,1,62422
7675,9984,454,Hudson Family Honey Bee Farm,2,54,9,2,122013
7676,8064,7835,Maria's Acres,4,34,4,8,101113
7677,8365,6112,Hightower Family Vegetable Farm,2,95,9,3,73022
7678,7589,8145,Los Angeles Vineyards,2,54,9,8,112314
7679,5476,9315,Sparkle Pond Organic Farm,2,75,4,4,61716
7680,408,7413,Green Meadow Cattle,2,75,5,3,51313
7681,6518,7419,Maricel's Herb Farm,3,34,5,9,52620
7682,2763,3618,Fullerton Homestead,1,34,6,1,112113
7683,2698,1714,Esmeralda's Organic Farm,3,34,6,4,72416
7684,4240,781,Cloudy Peach Orchard,1,55,1,3,70622
7685,2174,4692,Delightful Egg Farm,2,14,1,8,50621
7686,6074,9709,Jasmin's Herb Garden,4,14,1,9,72022
7687,7896,8351,Esmeralda's Peach Orchard,2,34,7,1,13120
7688,9511,4018,Alberto's Mushroom Farm,1,14,2,7,72619
7689,8057,4276,Francesco's Herb Garden,3,14,2,8,61118
7690,120,4576,Mountain Meadows Herb Garden,3,34,7,9,70816
7691,1005,9191,Golden Honey Bee Farm,3,75,7,5,91916
7692,7266,8475,Blooming Family Fields,3,75,7,7,10715
7693,1969,3819,Charlotte's Maple Syrup,1,55,2,7,10714
7694,2192,1412,Olivia's Vineyards,3,96,2,8,112918
7695,4301,9818,Delightful Mushroom Farm,2,96,2,9,12422
7696,6148,142,Golden Mushroom Farm,4,14,3,6,92613
7697,8311,6495,Harvest Lavender Fields,3,34,8,7,30117
7698,2168,8895,Esmeralda's Ranch,3,75,8,4,120215
7699,6626,3784,Webb Family Chickens,3,96,3,1,92013
7700,1853,5031,Golden Country Estate,4,75,8,6,51617
7701,5158,4594,Fullerton Sunflower Farms,3,14,4,2,31915
7702,3132,6659,Blissful Fields,4,55,4,1,110713
7703,5116,1776,Sauer Family Flower Garden,4,96,3,8,33116
7704,3798,7239,Abdalah's Sunflower Farms,1,75,9,4,22217
7705,5645,4337,Cloudy Squash Farm,1,34,9,9,81222
7706,5401,713,Jose's Mushroom Farm,1,96,4,4,50917
7707,7054,8714,Smucker's Herb Garden,4,55,4,9,42817
7708,4354,965,Coleman Peach Orchard,1,55,5,7,11816
7709,4391,534,Maria's Horses,4,14,6,2,91822
7710,9271,7698,Rustic Creamery,1,55,6,3,113018
7711,6380,7922,Blue Lake Hills,4,14,6,8,111622
7712,2263,296,Sunset Hill Organic Farm,2,55,6,6,71922
7713,4846,1070,Golden Sunflower Farms,2,55,6,7,40321
7714,7543,1063,Black Mountain Herb Garden,3,14,7,5,50617
7715,451,592,Olivia's Oranges,4,35,2,6,42315
7716,4220,8081,Serene Acre Farms,3,55,7,6,83118
7717,6603,1903,Alaska Goats,3,35,3,1,31322
7718,2816,1581,Kathy's Horses,1,96,7,7,71822
7719,4982,841,Esmeralda's Herb Farm,3,55,8,3,82916
7720,7405,3035,Swallowtail Ponds Herb Garden,1,35,3,6,51422
7721,484,3347,Dry Creek Cow Farm,2,35,3,7,81715
7722,5054,9590,Butterfly Creek Egg Farm,4,76,3,4,42314
7723,6997,6380,Bankers Hill Pumpkin Patch,3,55,8,5,20914
7724,1136,4326,Virginia's Hills,4,76,3,6,13018
7725,8401,4575,Swallowtail Ponds Maple Syrup,2,96,8,5,71014
7726,111,5194,Happy Flower Garden,3,14,9,4,20816
7727,9948,7023,Nelson's Honeybees,4,35,4,2,50920
7728,6664,2945,Sunset Hill Lavender Fields,3,76,3,2,31919
7729,4343,7903,Eduardo's Maple Syrup,1,35,4,6,123022
7730,7899,6739,Maricel's Oranges,1,96,9,1,30722
7731,3072,7194,Deer Creek Oranges,2,96,9,2,103013
7732,6430,2399,Black Mountain Acre Farms,2,35,4,9,40313
7733,4337,1354,Webb Family Apples,1,96,9,5,31122
7734,8125,7155,Swallowtail Ponds Country Estate,3,96,9,9,92919
7735,426,1478,Badger Hill Homestead,2,76,5,3,122514
7736,4312,366,Jose's Goats,2,76,5,4,33014
7737,6647,3993,Middle Creek Chickens,3,35,5,9,72215
7738,9730,1606,Elm Tree Fields,3,15,1,2,101622
7739,7181,3803,Fullerton Acre Farms,4,15,1,1,21314
7740,3757,8899,Webb Family Farm,2,35,6,4,60322
7741,6026,7065,Sauer Family Herb Farm,4,76,6,3,90219
7742,5064,4738,Sharon's Pumpkin Patch,1,35,6,7,90517
7743,7226,7741,Salt Lake Ranch,4,97,1,3,110817
7744,4926,5456,Monarch Meadow Squash Farm,3,97,1,4,11717
7745,5923,7311,Golden Squash Farm,4,35,7,1,70217
7746,5154,2346,Jimmy's Herb Garden,4,76,6,7,81813
7747,7584,1395,Blooming Family Maple Syrup,1,15,2,5,101220
7748,9567,7782,Virginia's Farm,2,15,2,6,20317
7749,4216,2341,Albert's Lavender Fields,1,56,2,4,80122
7750,4898,2269,Swallowtail Ponds Sunflower Farms,4,76,7,2,42514
7751,6175,8637,Sharon's Fruit Orchard,1,56,2,6,52319
7752,958,9553,Hightower Family Herb Garden,4,97,2,2,111116
7753,8398,2345,Breezy Vineyards,3,35,8,1,42819
7754,3115,44,Anita's Cow Farm,1,97,2,6,122816
7755,9274,6286,Dry Creek Oranges,3,35,8,3,30219
7756,9079,1845,Deer Creek Horses,4,15,3,6,51919
7757,6092,6937,Jimmy's Homestead,1,76,8,1,52019
7758,8648,4846,Albert's Herb Farm,1,15,3,8,113021
7759,1224,5256,Hudson Family Flower Garden,3,35,8,5,42619
7760,8918,6426,Charlotte's Vegetable Farm,3,76,8,4,71814
7761,8203,9673,Coleman Cow Farm,3,56,3,7,40618
7762,8550,1545,Harvest Ranch,2,35,8,7,12713
7763,6993,5085,Sharon's Vineyards,4,76,7,8,100515
7764,8676,8807,Mountain Meadows Apples,1,56,3,2,31415
7765,508,631,Turtle Pond Farm,4,35,9,3,111120
7766,284,5046,Los Angeles Acre Farms,3,15,4,6,22822
7767,157,3046,Hudson Family Squash Farm,1,97,3,9,30318
7768,2456,827,Hightower Family Maple Syrup,4,56,4,1,103019
7769,500,8820,Alaska Peach Orchard,4,76,9,3,51318
7770,4055,9444,Blooming Family Herb Garden,3,56,4,4,101520
7771,506,4989,Mountain Meadows Vegetable Farm,1,35,9,9,21022
7772,4750,3225,Breezy Farm,2,56,4,8,103122
7773,6148,4126,Ross Lake Ranch,4,76,9,7,100520
7774,6854,4260,Breezy Creamery,2,56,4,9,91913
7775,6136,7583,Tranquil Lavender Fields,1,76,9,9,81920
7776,8205,4239,Webb Family Acres,4,56,5,3,110814
7777,1986,4619,Pringle Family Fruit Orchard,4,97,5,1,92317
7778,6207,5289,Fullerton Cattle,4,97,5,3,62018
7779,7294,4945,Francesco's Sunflower Farms,3,56,5,8,101120
7780,5613,4012,Gloria's Herb Farm,3,36,1,1,112021
7781,9919,7434,Happy Herb Farm,2,15,6,5,22413
7782,5789,4930,Radiant Herb Farm,4,36,1,5,30319
7783,7653,4838,Harvest Mushroom Farm,2,36,1,7,50416
7784,9973,6890,Maricel's Fruit Orchard,4,77,1,3,21521
7785,7289,4967,Nelson's Pumpkin Patch,1,97,6,1,120119
7786,6404,9951,Golden Organic Farm,3,15,7,2,41315
7787,5479,2479,Salt Lake Cow Farm,1,77,1,8,92722
7788,5871,8424,Timmy's Farm,1,77,1,9,91918
7789,6672,3010,Cloudy Farm,1,56,7,2,41917
7790,1298,854,Anita's Vineyards,1,97,6,8,22214
7791,799,3074,Kristen's Cattle,3,56,7,4,100620
7792,9458,9559,Kristen's Vineyards,2,97,7,1,50919
7793,7346,9373,Sunny Vegetable Farm,4,77,2,3,70718
7794,5676,2448,Abdalah's Acre Farms,3,15,8,1,112320
7795,4560,1607,Sunset Hill Horses,1,56,7,8,41115
7796,3954,193,Fullerton Oranges,3,97,7,4,11819
7797,5040,4999,Blissful Oranges,2,77,2,5,120118
7798,1522,6336,Blue Lake Lavender Fields,4,97,6,9,12620
7799,7276,1403,Eduardo's Vegetable Farm,4,97,7,8,101422
7800,3906,8498,Virginia's Squash Farm,3,56,8,2,63018
7801,3965,1700,Francesco's Juicery,3,36,3,7,52114
7802,2675,6654,Tranquil Avocado Farm,1,15,8,9,122622
7803,7867,6334,Blissful Farm,3,56,8,7,52813
7804,3225,9026,Timmy's Egg Farm,2,77,3,6,20513
7805,8905,5235,Aisha's Homestead,3,56,8,8,80413
7806,5493,1385,Pringle Family Farm,2,36,3,8,82918
7807,6525,8792,Sunset Hill Ranch,2,97,8,6,90621
7808,7496,3269,Abdalah's Mushroom Farm,1,97,8,8,102522
7809,9328,1042,Fly Creek Honeybees,3,36,4,5,32917
7810,5313,246,Aisha's Cattle,2,15,9,6,102819
7811,1000,7151,Fullerton Horse Ranch,1,97,9,1,72913
7812,5072,2264,Virginia's Fruit Orchard,3,56,9,6,21015
7813,17,1219,Fly Creek Horses,4,97,9,3,33022
7814,146,9798,Los Angeles Herb Garden,4,97,9,2,80820
7815,3422,7335,Sparkle Pond Plum Orchard,2,97,9,5,121819
7816,1554,4257,Gloria's Cow Farm,1,77,4,7,71619
7817,4381,150,Mountain Maple Syrup,4,36,5,3,120720
7818,7117,201,Jasmin's Juicery,2,97,9,8,112813
7819,3256,1981,Alaska Homestead,3,36,5,8,50317
7820,9434,8288,Albert's Fruit Orchard,2,77,5,9,91019
7821,2640,5681,Jose's Creamery,3,57,1,5,30814
7822,365,3826,Mountain Chickens,2,36,6,8,62113
7823,521,6158,Butterfly Creek Maple Syrup,1,57,1,6,61113
7824,3132,446,Arizona Cow Farm,3,98,1,4,82721
7825,2912,293,Badger Hill Vegetable Farm,4,16,2,5,70318
7826,2269,5063,Serene Vineyards,1,57,2,2,110119
7827,3940,6964,Bankers Hill Herb Farm,2,57,2,3,121617
7828,1579,456,Webb Family Organic Farm,1,16,2,7,12414
7829,2848,5132,Maria's Goats,2,57,2,5,12515
7830,3729,6060,Maricel's Pumpkin Patch,2,16,3,1,80813
7831,2186,5906,Aisha's Egg Farm,3,36,8,5,92813
7832,4309,7517,Alberto's Ranch,3,16,3,8,42320
7833,9043,6009,Mountain Meadows Mushroom Farm,2,77,8,7,13114
7834,8257,5836,Alaska Honey Bee Farm,3,36,9,2,82319
7835,1721,8769,Gloria's Honey Bee Farm,3,98,3,7,51220
7836,1616,9934,Smith Fields,4,16,4,8,20917
7837,9487,9017,Elm Tree Apples,1,57,4,5,52220
7838,9319,99,Sauer Family Ranch,3,77,9,4,100822
7839,5286,1134,Deer Creek Juicery,3,36,9,6,42121
7840,9388,7798,Charlotte's Flower Garden,1,98,5,5,30316
7841,7128,7882,Francesco's Cow Farm,2,98,5,6,31820
7842,6152,9621,Fly Creek Acres,3,78,1,1,11219
7843,3948,8075,Radiant Plum Orchard,4,37,1,7,71314
7844,4079,9629,Ramaya's Hills,3,16,6,9,53022
7845,9039,7885,Gloria's Peach Orchard,2,78,1,5,111919
7846,67,2191,Salt Lake Sunflower Farms,4,16,7,3,103118
7847,4619,7520,Sharon's Juicery,2,37,2,1,30618
7848,1465,2020,Black Mountain Horses,1,37,2,2,90922
7849,9727,2765,Albert's Chickens,2,98,6,9,111620
7850,8193,2406,Rustic Farm,2,78,2,2,60417
7851,1801,9680,Los Angeles Country Estate,2,16,7,9,80915
7852,1720,6665,Maribel's Creamery,1,78,2,4,30720
7853,5216,970,Crater Lake Avocado Farm,1,57,7,6,82113
7854,5631,7477,Arizona Juicery,3,16,8,2,53119
7855,8842,5341,Anita's Fruit Orchard,2,16,8,3,71815
7856,5052,1886,Salt Lake Herb Farm,4,98,7,6,51717
7857,2141,1837,Turtle Pond Vineyards,3,16,8,5,72713
7858,5710,2520,Monarch Meadow Plum Orchard,4,98,7,8,82015
7859,2777,1768,Fly Creek Cattle,1,57,8,2,120917
7860,9151,6749,Coleman Oranges,2,16,8,6,12322
7861,2059,4086,Nelson's Farm,3,78,3,4,90819
7862,4132,6032,Jose's Herb Garden,4,98,8,3,33120
7863,9320,1455,Aisha's Juicery,4,57,8,6,31719
7864,8910,8575,Happy Acre Farms,4,78,3,7,10815
7865,401,1858,Bankers Hill Maple Syrup,4,78,3,8,71921
7866,9359,7049,Sauer Family Acre Farms,4,16,9,1,71620
7867,7749,8879,Francesco's Apples,3,57,8,7,62816
7868,3132,7662,Butterfly Creek Farm,1,57,8,8,82622
7869,5373,1552,Mountain Meadows Maple Syrup,2,16,9,8,53116
7870,9261,6631,Crater Lake Peach Orchard,1,98,9,1,60316
7871,1326,6220,Bankers Hill Vineyards,4,78,4,3,51622
7872,4177,8402,Cloudy Vegetable Farm,4,37,5,3,92219
7873,6546,3375,Harvest Maple Syrup,1,37,6,1,101314
7874,867,3177,Smucker's Squash Farm,4,78,5,9,31216
7875,3283,5666,Bankers Hill Creamery,3,37,6,3,30417
7876,8135,4727,Los Angeles Horse Ranch,4,78,6,2,70418
7877,9405,7687,Badger Hill Fields,3,17,1,9,31617
7878,4563,9080,Hudson Family Herb Garden,1,78,6,5,60520
7879,1921,2182,Butterfly Creek Horse Ranch,4,58,1,9,73119
7880,373,3964,Anita's Organic Farm,1,37,7,6,111813
7881,9273,2070,Maria's Horse Ranch,3,99,2,2,121318
7882,8842,4102,Charlotte's Squash Farm,3,17,3,2,52120
7883,3477,3813,Sunset Hill Vineyards,1,78,7,8,101316
7884,7107,9880,Jasmin's Hills,2,58,3,1,10414
7885,2245,5109,Mountain Meadows Squash Farm,2,99,2,9,122014
7886,5739,9729,Blue Lake Goats,4,37,8,6,82520
7887,744,659,Carolina's Honeybees,3,17,4,2,70518
7888,6327,1330,Black Mountain Maple Syrup,1,17,4,3,62514
7889,1962,2758,Coleman Herb Farm,4,99,3,6,110718
7890,6044,3017,Kristen's Avocado Farm,3,37,9,2,41620
7891,3290,195,Badger Hill Sunflower Farms,1,37,9,6,52417
7892,9073,736,Rustic Goats,1,37,9,8,12722
7893,9925,5173,Fly Creek Chickens,2,17,5,2,92515
7894,8570,6609,Smith Maple Syrup,4,99,4,5,62314
7895,3650,4556,Fulkerson Family Egg Farm,4,17,5,5,61322
7896,8132,4878,Radiant Horse Ranch,4,99,4,7,10215
7897,698,5210,Sharon's Cow Farm,2,58,5,7,52017
7898,3860,9269,Hightower Family Sunflower Farms,4,58,5,8,30820
7899,6667,6362,Blooming Family Homestead,2,38,1,1,32616
7900,7693,8355,Ross Lake Herb Garden,2,99,5,9,83021
7901,2485,5274,Radiant Mushroom Farm,1,58,6,6,41514
7902,777,3468,Green Meadow Honey Bee Farm,2,79,1,5,72919
7903,5463,2436,Olivia's Maple Syrup,1,58,6,9,71715
7904,5945,2638,Middle Creek Farm,1,38,2,2,71721
7905,883,9391,Gloria's Herb Garden,1,17,7,4,90915
7906,2494,6461,Salt Lake Homestead,3,99,6,9,111519
7907,7057,606,Blooming Family Horses,1,38,2,9,10617
7908,4234,8044,Pringle Family Honey Bee Farm,3,58,8,1,111018
7909,8902,2356,Alaska Fruit Orchard,4,17,8,9,11417
7910,7071,8924,Mountain Organic Farm,1,99,8,2,81615
7911,8262,3264,Dry Creek Juicery,4,58,8,5,91720
7912,8510,7244,Black Mountain Country Estate,1,79,3,9,71415
7913,8,1922,Kathy's Herb Farm,3,58,9,2,30714
7914,6343,9107,Salt Lake Acres,2,38,4,5,71416
7915,2904,2350,Rustic Ranch,4,38,4,6,91315
7916,5777,2184,Blissful Squash Farm,1,79,4,3,112022
7917,6985,3132,Alaska Juicery,3,38,4,8,122221
7918,2750,4158,Bankers Hill Organic Farm,1,38,5,2,62717
7919,1095,2236,Kristen's Sunflower Farms,2,79,5,1,61713
7920,3721,2108,Francesco's Hills,1,38,5,6,41118
7921,4517,3859,Sauer Family Horses,4,38,5,8,52917
7922,2373,2789,Maria's Peach Orchard,3,38,6,3,70320
7923,8036,7098,Green Meadow Avocado Farm,1,18,1,6,82822
7924,6097,7732,Happy Herb Garden,1,59,1,2,82121
7925,4321,7041,Green Meadow Maple Syrup,1,59,1,1,122621
7926,4928,2121,Webb Family Ranch,1,38,6,7,41713
7927,5100,658,Fullerton Apples,2,52,4,6,31917
7928,9689,4368,Monarch Meadow Cow Farm,4,18,2,2,102218
7929,7651,1508,Alberto's Organic Farm,2,18,2,4,122315
7930,2476,649,Monarch Meadow Honey Bee Farm,3,18,2,5,120814
7931,663,2599,Pringle Family Apples,3,79,6,8,20817
7932,5275,2592,Middle Creek Honey Bee Farm,2,38,7,8,31315
7933,3518,570,Eduardo's Country Estate,1,18,3,1,111014
7934,2168,2468,Serene Chickens,2,79,7,4,32017
7935,8517,2089,Monarch Meadow Maple Syrup,3,18,3,3,121520
7936,9491,7801,Anita's Juicery,4,59,3,1,121013
7937,6118,4085,Maria's Herb Garden,3,59,3,4,12013
7938,1517,7583,Delightful Honey Bee Farm,3,79,8,3,71217
7939,5340,7521,Virginia's Pumpkin Patch,4,18,3,9,110516
7940,4114,1460,Tranquil Creamery,1,59,3,5,110922
7941,9999,7248,Harvest Peach Orchard,3,18,4,1,20819
7942,7828,4061,Los Angeles Apples,3,59,3,9,62213
7943,6569,2727,Carolina's Herb Farm,2,79,9,3,22920
7944,7680,6339,Eduardo's Lavender Fields,1,38,9,8,110918
7945,4854,9143,Turtle Pond Honey Bee Farm,3,18,5,2,101022
7946,2862,3065,Rustic Acre Farms,2,79,9,6,60218
7947,4930,1229,Breezy Ranch,2,18,5,3,42419
7948,5302,7070,Cloudy Honeybees,2,18,5,5,51822
7949,4531,4731,Deer Creek Cow Farm,3,18,5,8,72217
7950,7908,5498,Blue Lake Chickens,3,39,1,6,62021
7951,4203,2375,Radiant Cattle,1,59,6,5,11321
7952,3727,6614,Timmy's Lavender Fields,2,39,1,8,42117
7953,5497,1008,Jimmy's Farm,3,59,6,4,100616
7954,8950,1782,Bankers Hill Honeybees,1,18,6,8,112114
7955,3687,6479,Nelson's Cattle,1,39,2,1,90322
7956,171,7314,Kathy's Cattle,1,39,2,3,51417
7957,8968,436,Smith Juicery,3,39,2,6,80218
7958,7867,8268,Mountain Acre Farms,2,18,7,8,22517
7959,8474,8802,Fly Creek Goats,4,39,3,4,110721
7960,7236,1690,Fullerton Juicery,1,39,3,5,71616
7961,8467,8588,Francesco's Ranch,4,59,8,4,92120
7962,892,9288,Maricel's Cattle,1,59,9,1,41414
7963,6644,6211,Breezy Herb Garden,1,59,9,2,50921
7964,4368,498,Sunset Hill Avocado Farm,4,59,9,4,22221
7965,2613,6564,Eduardo's Plum Orchard,3,39,5,7,40717
7966,5809,7667,Mountain Meadows Horses,4,19,1,7,60820
7967,1764,2350,Alberto's Herb Garden,2,39,6,5,30718
7968,5190,2950,Green Meadow Horses,2,39,6,7,101716
7969,1115,9524,Maricel's Mushroom Farm,4,39,7,1,63015
7970,4675,4148,Hudson Family Country Estate,4,19,2,3,100313
7971,93,7330,Charlotte's Chickens,4,36,3,9,12222
7972,1124,1610,Fly Creek Horse Ranch,4,39,7,4,112118
7973,2387,7898,Cloudy Avocado Farm,2,39,7,9,50613
7974,138,5170,Harvest Horse Ranch,1,19,3,4,50120
7975,1158,7497,Blissful Maple Syrup,4,19,3,5,92415
7976,7440,6129,Aisha's Flower Garden,3,19,4,1,21213
7977,8724,5731,Elm Tree Hills,2,39,9,3,111921
7978,3670,7585,Webb Family Pumpkin Patch,1,19,4,7,120315
7979,5827,4325,Gloria's Honeybees,1,19,6,2,70314
7980,3361,5023,Blue Lake Creamery,3,19,7,1,62319
7981,90,7741,Black Mountain Egg Farm,2,81,1,8,103018
7982,9447,7878,Smith Pumpkin Patch,1,19,7,5,122521
7983,8652,8247,Middle Creek Herb Farm,3,81,2,1,62220
7984,9505,8065,Mountain Meadows Farm,3,81,2,4,40518
7985,7501,3287,Maria's Lavender Fields,4,81,3,1,62316
7986,4614,6235,Harvest Pumpkin Patch,1,81,3,2,121219
7987,3917,547,Jasmin's Acre Farms,1,81,3,7,40814
7988,1838,620,Delightful Pumpkin Patch,1,19,9,3,72414
7989,4589,5146,Bankers Hill Flower Garden,1,19,9,7,51517
7990,5467,2929,Swallowtail Ponds Fruit Orchard,3,81,5,4,81721
7991,7568,9425,Golden Peach Orchard,1,61,1,7,81913
7992,6027,1467,Dry Creek Cattle,1,81,6,7,101019
7993,5447,7438,Arizona Herb Farm,3,81,7,6,50414
7994,5909,2449,Harvest Herb Garden,2,61,3,3,92318
7995,6993,4543,Smith Avocado Farm,2,81,8,2,21115
7996,7779,2562,Middle Creek Horse Ranch,2,81,8,3,11019
7997,3995,8339,Bankers Hill Apples,2,81,8,5,42715
7998,4232,1217,Arizona Oranges,2,61,3,9,90914
7999,6838,8012,Sharon's Avocado Farm,3,61,4,3,51722